postcode,zone_name,country_code
2000,Sydney Prospect,AU
2001,Sydney Prospect,AU
2002,Sydney Prospect,AU
2003,Sydney Prospect,AU
2004,Sydney Prospect,AU
2005,Sydney Prospect,AU
2006,Sydney Prospect,AU
2007,Sydney Prospect,AU
2008,Sydney Prospect,AU
2009,Sydney Prospect,AU
2010,Sydney Prospect,AU
2011,Sydney Prospect,AU
2012,Sydney Prospect,AU
2013,Sydney Prospect,AU
2014,Sydney Prospect,AU
2015,Sydney Prospect,AU
2016,Sydney Prospect,AU
2017,Sydney Prospect,AU
2018,Sydney Prospect,AU
2019,Sydney Prospect,AU
2020,Sydney Prospect,AU
2021,Sydney Prospect,AU
2022,Sydney Prospect,AU
2023,Sydney Prospect,AU
2024,Sydney Prospect,AU
2025,Sydney Prospect,AU
2026,Sydney Prospect,AU
2027,Sydney Prospect,AU
2028,Sydney Prospect,AU
2029,Sydney Prospect,AU
2030,Sydney Prospect,AU
2031,Sydney Prospect,AU
2032,Sydney Prospect,AU
2033,Sydney Prospect,AU
2034,Sydney Prospect,AU
2035,Sydney Prospect,AU
2036,Sydney Prospect,AU
2037,Sydney Prospect,AU
2038,Sydney Prospect,AU
2039,Sydney Prospect,AU
2040,Sydney Prospect,AU
2041,Sydney Prospect,AU
2042,Sydney Prospect,AU
2043,Sydney Prospect,AU
2044,Sydney Prospect,AU
2045,Sydney Prospect,AU
2046,Sydney Prospect,AU
2047,Sydney Prospect,AU
2048,Sydney Prospect,AU
2049,Sydney Prospect,AU
2050,Sydney Prospect,AU
2051,Sydney Prospect,AU
2052,Sydney Prospect,AU
2053,Sydney Prospect,AU
2054,Sydney Prospect,AU
2055,Sydney Prospect,AU
2056,Sydney Prospect,AU
2057,Sydney Prospect,AU
2058,Sydney Prospect,AU
2059,Sydney Prospect,AU
2060,Sydney Prospect,AU
2061,Sydney Prospect,AU
2062,Sydney Prospect,AU
2063,Sydney Prospect,AU
2064,Sydney Prospect,AU
2065,Sydney Prospect,AU
2066,Sydney Prospect,AU
2067,Sydney Prospect,AU
2068,Sydney Prospect,AU
2069,Sydney Prospect,AU
2070,Sydney Prospect,AU
2071,Sydney Prospect,AU
2072,Sydney Prospect,AU
2073,Sydney Prospect,AU
2074,Sydney Prospect,AU
2075,Sydney Prospect,AU
2076,Sydney Prospect,AU
2077,Sydney Prospect,AU
2078,Sydney Prospect,AU
2079,Sydney Prospect,AU
2080,Sydney Prospect,AU
2081,Sydney Prospect,AU
2082,Sydney Prospect,AU
2083,Sydney Prospect,AU
2084,Sydney Prospect,AU
2085,Sydney Prospect,AU
2086,Sydney Prospect,AU
2087,Sydney Prospect,AU
2088,Sydney Prospect,AU
2089,Sydney Prospect,AU
2090,Sydney Prospect,AU
2091,Sydney Prospect,AU
2092,Sydney Prospect,AU
2093,Sydney Prospect,AU
2094,Sydney Prospect,AU
2095,Sydney Prospect,AU
2096,Sydney Prospect,AU
2097,Sydney Prospect,AU
2098,Sydney Prospect,AU
2099,Sydney Prospect,AU
2100,Sydney Prospect,AU
2101,Sydney Prospect,AU
2102,Sydney Prospect,AU
2103,Sydney Prospect,AU
2104,Sydney Prospect,AU
2105,Sydney Prospect,AU
2106,Sydney Prospect,AU
2107,Sydney Prospect,AU
2108,Sydney Prospect,AU
2109,Sydney Prospect,AU
2110,Sydney Prospect,AU
2111,Sydney Prospect,AU
2112,Sydney Prospect,AU
2113,Sydney Prospect,AU
2114,Sydney Prospect,AU
2115,Sydney Prospect,AU
2116,Sydney Prospect,AU
2117,Sydney Prospect,AU
2118,Sydney Prospect,AU
2119,Sydney Prospect,AU
2120,Sydney Prospect,AU
2121,Sydney Prospect,AU
2122,Sydney Prospect,AU
2123,Sydney Prospect,AU
2124,Sydney Prospect,AU
2125,Sydney Prospect,AU
2126,Sydney Prospect,AU
2127,Sydney Prospect,AU
2128,Sydney Prospect,AU
2129,Sydney Prospect,AU
2130,Sydney Prospect,AU
2131,Sydney Prospect,AU
2132,Sydney Prospect,AU
2133,Sydney Prospect,AU
2134,Sydney Prospect,AU
2135,Sydney Prospect,AU
2136,Sydney Prospect,AU
2137,Sydney Prospect,AU
2138,Sydney Prospect,AU
2139,Sydney Prospect,AU
2140,Sydney Prospect,AU
2141,Sydney Prospect,AU
2142,Sydney Prospect,AU
2143,Sydney Prospect,AU
2144,Sydney Prospect,AU
2145,Sydney Prospect,AU
2146,Sydney Prospect,AU
2147,Sydney Prospect,AU
2148,Sydney Prospect,AU
2149,Sydney Prospect,AU
2150,Sydney Prospect,AU
2151,Sydney Prospect,AU
2152,Sydney Prospect,AU
2153,Sydney Prospect,AU
2154,Sydney Prospect,AU
2155,Sydney Prospect,AU
2156,Sydney Prospect,AU
2157,Sydney Prospect,AU
2158,Sydney Prospect,AU
2159,Sydney Prospect,AU
2160,Sydney Prospect,AU
2161,Sydney Prospect,AU
2162,Sydney Prospect,AU
2163,Sydney Prospect,AU
2164,Sydney Prospect,AU
2165,Sydney Prospect,AU
2166,Sydney Prospect,AU
2167,Sydney Prospect,AU
2168,Sydney Prospect,AU
2169,Sydney Prospect,AU
2170,Sydney Prospect,AU
2171,Sydney Prospect,AU
2172,Sydney Prospect,AU
2173,Sydney Prospect,AU
2174,Sydney Prospect,AU
2175,Sydney Prospect,AU
2176,Sydney Prospect,AU
2177,Sydney Prospect,AU
2178,Sydney Prospect,AU
2179,Sydney Prospect,AU
2180,Sydney Prospect,AU
2181,Sydney Prospect,AU
2182,Sydney Prospect,AU
2183,Sydney Prospect,AU
2184,Sydney Prospect,AU
2185,Sydney Prospect,AU
2186,Sydney Prospect,AU
2187,Sydney Prospect,AU
2188,Sydney Prospect,AU
2189,Sydney Prospect,AU
2190,Sydney Prospect,AU
2191,Sydney Prospect,AU
2192,Sydney Prospect,AU
2193,Sydney Prospect,AU
2194,Sydney Prospect,AU
2195,Sydney Prospect,AU
2196,Sydney Prospect,AU
2197,Sydney Prospect,AU
2198,Sydney Prospect,AU
2199,Sydney Prospect,AU
2200,Sydney Prospect,AU
2201,Sydney Prospect,AU
2202,Sydney Prospect,AU
2203,Sydney Prospect,AU
2204,Sydney Prospect,AU
2205,Sydney Prospect,AU
2206,Sydney Prospect,AU
2207,Sydney Prospect,AU
2208,Sydney Prospect,AU
2209,Sydney Prospect,AU
2210,Sydney Prospect,AU
2211,Sydney Prospect,AU
2212,Sydney Prospect,AU
2213,Sydney Prospect,AU
2214,Sydney Prospect,AU
2215,Sydney Prospect,AU
2216,Sydney Prospect,AU
2217,Sydney Prospect,AU
2218,Sydney Prospect,AU
2219,Sydney Prospect,AU
2220,Sydney Prospect,AU
2221,Sydney Prospect,AU
2222,Sydney Prospect,AU
2223,Sydney Prospect,AU
2224,Sydney Prospect,AU
2225,Sydney Prospect,AU
2226,Sydney Prospect,AU
2227,Sydney Prospect,AU
2228,Sydney Prospect,AU
2229,Sydney Prospect,AU
2230,Sydney Prospect,AU
2231,Sydney Prospect,AU
2232,Sydney Prospect,AU
2233,Sydney Prospect,AU
2234,Sydney Prospect,AU
2235,Sydney Prospect,AU
2236,Sydney Prospect,AU
2237,Sydney Prospect,AU
2238,Sydney Prospect,AU
2239,Sydney Prospect,AU
2240,Sydney Prospect,AU
2241,Sydney Prospect,AU
2242,Sydney Prospect,AU
2243,Sydney Prospect,AU
2244,Sydney Prospect,AU
2245,Sydney Prospect,AU
2246,Sydney Prospect,AU
2247,Sydney Prospect,AU
2248,Sydney Prospect,AU
2249,Sydney Prospect,AU
2250,Sydney metropolitan average,AU
2251,Sydney metropolitan average,AU
2252,Sydney metropolitan average,AU
2253,Sydney metropolitan average,AU
2254,Sydney metropolitan average,AU
2255,Sydney metropolitan average,AU
2256,Sydney metropolitan average,AU
2257,Sydney metropolitan average,AU
2258,Sydney metropolitan average,AU
2259,Sydney metropolitan average,AU
2260,Sydney metropolitan average,AU
2261,Sydney metropolitan average,AU
2262,Sydney metropolitan average,AU
2263,Sydney metropolitan average,AU
2555,Sydney Prospect,AU
2556,Sydney Prospect,AU
2557,Sydney Prospect,AU
2558,Sydney Prospect,AU
2559,Sydney Prospect,AU
2560,Sydney Prospect,AU
2561,Sydney Prospect,AU
2562,Sydney Prospect,AU
2563,Sydney Prospect,AU
2564,Sydney Prospect,AU
2565,Sydney Prospect,AU
2566,Sydney Prospect,AU
2567,Sydney Prospect,AU
2568,Sydney Prospect,AU
2569,Sydney Prospect,AU
2570,Sydney Prospect,AU
2571,Sydney Prospect,AU
2572,Sydney Prospect,AU
2573,Sydney Prospect,AU
2574,Sydney Prospect,AU
2745,Sydney Nepean,AU
2746,Sydney Nepean,AU
2747,Sydney Nepean,AU
2748,Sydney Nepean,AU
2749,Sydney Nepean,AU
2750,Sydney Nepean,AU
2751,Sydney Nepean,AU
2752,Sydney Nepean,AU
2753,Sydney Nepean,AU
2754,Sydney Nepean,AU
2755,Sydney Nepean,AU
2756,Sydney Nepean,AU
2757,Sydney Nepean,AU
2758,Sydney Nepean,AU
2759,Sydney Nepean,AU
2760,Sydney Nepean,AU
2761,Sydney Nepean,AU
2762,Sydney Nepean,AU
2763,Sydney Nepean,AU
2764,Sydney Nepean,AU
2765,Sydney Nepean,AU
2766,Sydney Nepean,AU
2767,Sydney Nepean,AU
2768,Sydney Nepean,AU
2769,Sydney Nepean,AU
2770,Sydney Nepean,AU
2771,Sydney Nepean,AU
2772,Sydney Nepean,AU
2773,Sydney Nepean,AU
2774,Sydney Nepean,AU
2775,Sydney Nepean,AU
2776,Sydney Nepean,AU
2777,Sydney Nepean,AU
2778,Sydney Nepean,AU
2779,Sydney Nepean,AU
2780,Sydney Nepean,AU
2781,Sydney Nepean,AU
2782,Sydney Nepean,AU
2783,Sydney Nepean,AU
2784,Sydney Nepean,AU
2785,Sydney Nepean,AU
2786,Sydney Nepean,AU
2500,Sydney Illawarra,AU
2501,Sydney Illawarra,AU
2502,Sydney Illawarra,AU
2503,Sydney Illawarra,AU
2504,Sydney Illawarra,AU
2505,Sydney Illawarra,AU
2506,Sydney Illawarra,AU
2507,Sydney Illawarra,AU
2508,Sydney Illawarra,AU
2509,Sydney Illawarra,AU
2510,Sydney Illawarra,AU
2511,Sydney Illawarra,AU
2512,Sydney Illawarra,AU
2513,Sydney Illawarra,AU
2514,Sydney Illawarra,AU
2515,Sydney Illawarra,AU
2516,Sydney Illawarra,AU
2517,Sydney Illawarra,AU
2518,Sydney Illawarra,AU
2519,Sydney Illawarra,AU
2520,Sydney Illawarra,AU
2521,Sydney Illawarra,AU
2522,Sydney Illawarra,AU
2523,Sydney Illawarra,AU
2524,Sydney Illawarra,AU
2525,Sydney Illawarra,AU
2526,Sydney Illawarra,AU
2527,Sydney Illawarra,AU
2528,Sydney Illawarra,AU
2529,Sydney Illawarra,AU
2530,Sydney Illawarra,AU
2531,Sydney Illawarra,AU
2532,Sydney Illawarra,AU
2533,Sydney Illawarra,AU
2534,Sydney Illawarra,AU
2535,Sydney Illawarra,AU
2280,Hunter Grahamstown,AU
2281,Hunter Grahamstown,AU
2282,Hunter Grahamstown,AU
2283,Hunter Grahamstown,AU
2284,Hunter Grahamstown,AU
2285,Hunter Grahamstown,AU
2286,Hunter Grahamstown,AU
2287,Hunter Grahamstown,AU
2288,Hunter Grahamstown,AU
2289,Hunter Grahamstown,AU
2290,Hunter Grahamstown,AU
2291,Hunter Grahamstown,AU
2292,Hunter Grahamstown,AU
2293,Hunter Grahamstown,AU
2294,Hunter Grahamstown,AU
2295,Hunter Grahamstown,AU
2296,Hunter Grahamstown,AU
2297,Hunter Grahamstown,AU
2298,Hunter Grahamstown,AU
2299,Hunter Grahamstown,AU
2300,Hunter Grahamstown,AU
2301,Hunter Grahamstown,AU
2302,Hunter Grahamstown,AU
2303,Hunter Grahamstown,AU
2304,Hunter Grahamstown,AU
2305,Hunter Grahamstown,AU
2306,Hunter Grahamstown,AU
2307,Hunter Grahamstown,AU
2308,Hunter Grahamstown,AU
2309,Hunter Grahamstown,AU
2310,Hunter Grahamstown,AU
2311,Hunter Grahamstown,AU
2312,Hunter Grahamstown,AU
2313,Hunter Grahamstown,AU
2314,Hunter Grahamstown,AU
2315,Hunter Grahamstown,AU
2316,Hunter Grahamstown,AU
2317,Hunter Grahamstown,AU
2318,Hunter Grahamstown,AU
2319,Hunter Grahamstown,AU
2320,Hunter Grahamstown,AU
2321,Hunter Grahamstown,AU
2322,Hunter Grahamstown,AU
2323,Hunter Grahamstown,AU
2324,Hunter Grahamstown,AU
2325,Hunter Grahamstown,AU
2326,Hunter Grahamstown,AU
2327,Hunter Grahamstown,AU
2328,Hunter Grahamstown,AU
2329,Hunter Grahamstown,AU
2330,Hunter Grahamstown,AU
2331,Hunter Grahamstown,AU
2332,Hunter Grahamstown,AU
2333,Hunter Grahamstown,AU
2334,Hunter Grahamstown,AU
2335,Hunter Grahamstown,AU
2336,Hunter Grahamstown,AU
2337,Hunter Grahamstown,AU
2338,Hunter Grahamstown,AU
2339,Hunter Grahamstown,AU
2340,Hunter Grahamstown,AU
3000,Melbourne metropolitan,AU
3001,Melbourne metropolitan,AU
3002,Melbourne metropolitan,AU
3003,Melbourne metropolitan,AU
3004,Melbourne metropolitan,AU
3005,Melbourne metropolitan,AU
3006,Melbourne metropolitan,AU
3007,Melbourne metropolitan,AU
3008,Melbourne metropolitan,AU
3009,Melbourne metropolitan,AU
3010,Melbourne metropolitan,AU
3011,Melbourne metropolitan,AU
3012,Melbourne metropolitan,AU
3013,Melbourne metropolitan,AU
3014,Melbourne metropolitan,AU
3015,Melbourne metropolitan,AU
3016,Melbourne metropolitan,AU
3017,Melbourne metropolitan,AU
3018,Melbourne metropolitan,AU
3019,Melbourne metropolitan,AU
3020,Melbourne metropolitan,AU
3021,Melbourne metropolitan,AU
3022,Melbourne metropolitan,AU
3023,Melbourne metropolitan,AU
3024,Melbourne metropolitan,AU
3025,Melbourne metropolitan,AU
3026,Melbourne metropolitan,AU
3027,Melbourne metropolitan,AU
3028,Melbourne metropolitan,AU
3029,Melbourne metropolitan,AU
3030,Melbourne metropolitan,AU
3031,Melbourne metropolitan,AU
3032,Melbourne metropolitan,AU
3033,Melbourne metropolitan,AU
3034,Melbourne metropolitan,AU
3035,Melbourne metropolitan,AU
3036,Melbourne metropolitan,AU
3037,Melbourne metropolitan,AU
3038,Melbourne metropolitan,AU
3039,Melbourne metropolitan,AU
3040,Melbourne metropolitan,AU
3041,Melbourne metropolitan,AU
3042,Melbourne metropolitan,AU
3043,Melbourne metropolitan,AU
3044,Melbourne metropolitan,AU
3045,Melbourne metropolitan,AU
3046,Melbourne metropolitan,AU
3047,Melbourne metropolitan,AU
3048,Melbourne metropolitan,AU
3049,Melbourne metropolitan,AU
3050,Melbourne metropolitan,AU
3051,Melbourne metropolitan,AU
3052,Melbourne metropolitan,AU
3053,Melbourne metropolitan,AU
3054,Melbourne metropolitan,AU
3055,Melbourne metropolitan,AU
3056,Melbourne metropolitan,AU
3057,Melbourne metropolitan,AU
3058,Melbourne metropolitan,AU
3059,Melbourne metropolitan,AU
3060,Melbourne metropolitan,AU
3061,Melbourne metropolitan,AU
3062,Melbourne metropolitan,AU
3063,Melbourne metropolitan,AU
3064,Melbourne metropolitan,AU
3065,Melbourne metropolitan,AU
3066,Melbourne metropolitan,AU
3067,Melbourne metropolitan,AU
3068,Melbourne metropolitan,AU
3069,Melbourne metropolitan,AU
3070,Melbourne metropolitan,AU
3071,Melbourne metropolitan,AU
3072,Melbourne metropolitan,AU
3073,Melbourne metropolitan,AU
3074,Melbourne metropolitan,AU
3075,Melbourne metropolitan,AU
3076,Melbourne metropolitan,AU
3077,Melbourne metropolitan,AU
3078,Melbourne metropolitan,AU
3079,Melbourne metropolitan,AU
3080,Melbourne metropolitan,AU
3081,Melbourne metropolitan,AU
3082,Melbourne metropolitan,AU
3083,Melbourne metropolitan,AU
3084,Melbourne metropolitan,AU
3085,Melbourne metropolitan,AU
3086,Melbourne metropolitan,AU
3087,Melbourne metropolitan,AU
3088,Melbourne metropolitan,AU
3089,Melbourne metropolitan,AU
3090,Melbourne metropolitan,AU
3091,Melbourne metropolitan,AU
3092,Melbourne metropolitan,AU
3093,Melbourne metropolitan,AU
3094,Melbourne metropolitan,AU
3095,Eltham,AU
3096,Melbourne metropolitan,AU
3097,Melbourne metropolitan,AU
3098,Melbourne metropolitan,AU
3099,Melbourne metropolitan,AU
3100,Melbourne metropolitan,AU
3101,Melbourne metropolitan,AU
3102,Melbourne metropolitan,AU
3103,Melbourne metropolitan,AU
3104,Melbourne metropolitan,AU
3105,Melbourne metropolitan,AU
3106,Melbourne metropolitan,AU
3107,Melbourne metropolitan,AU
3108,Melbourne metropolitan,AU
3109,Melbourne metropolitan,AU
3110,Melbourne metropolitan,AU
3111,Melbourne metropolitan,AU
3112,Melbourne metropolitan,AU
3113,Melbourne metropolitan,AU
3114,Melbourne metropolitan,AU
3115,Melbourne metropolitan,AU
3116,Melbourne metropolitan,AU
3117,Melbourne metropolitan,AU
3118,Melbourne metropolitan,AU
3119,Melbourne metropolitan,AU
3120,Melbourne metropolitan,AU
3121,Melbourne metropolitan,AU
3122,Melbourne metropolitan,AU
3123,Melbourne metropolitan,AU
3124,Melbourne metropolitan,AU
3125,Melbourne metropolitan,AU
3126,Melbourne metropolitan,AU
3127,Melbourne metropolitan,AU
3128,Melbourne metropolitan,AU
3129,Melbourne metropolitan,AU
3130,Melbourne metropolitan,AU
3131,Melbourne metropolitan,AU
3132,Melbourne metropolitan,AU
3133,Melbourne metropolitan,AU
3134,Melbourne metropolitan,AU
3135,Melbourne metropolitan,AU
3136,Melbourne metropolitan,AU
3137,Melbourne metropolitan,AU
3138,Melbourne metropolitan,AU
3139,Melbourne metropolitan,AU
3140,Melbourne metropolitan,AU
3141,Melbourne metropolitan,AU
3142,Melbourne metropolitan,AU
3143,Melbourne metropolitan,AU
3144,Melbourne metropolitan,AU
3145,Melbourne metropolitan,AU
3146,Melbourne metropolitan,AU
3147,Melbourne metropolitan,AU
3148,Melbourne metropolitan,AU
3149,Melbourne metropolitan,AU
3150,Melbourne metropolitan,AU
3151,Melbourne metropolitan,AU
3152,Melbourne metropolitan,AU
3153,Melbourne metropolitan,AU
3154,Melbourne metropolitan,AU
3155,Melbourne metropolitan,AU
3156,Melbourne metropolitan,AU
3157,Melbourne metropolitan,AU
3158,Melbourne metropolitan,AU
3159,Melbourne metropolitan,AU
3160,Melbourne metropolitan,AU
3161,Melbourne metropolitan,AU
3162,Melbourne metropolitan,AU
3163,Melbourne metropolitan,AU
3164,Melbourne metropolitan,AU
3165,Melbourne metropolitan,AU
3166,Melbourne metropolitan,AU
3167,Melbourne metropolitan,AU
3168,Melbourne metropolitan,AU
3169,Melbourne metropolitan,AU
3170,Melbourne metropolitan,AU
3171,Melbourne metropolitan,AU
3172,Melbourne metropolitan,AU
3173,Melbourne metropolitan,AU
3174,Melbourne metropolitan,AU
3175,Melbourne metropolitan,AU
3176,Melbourne metropolitan,AU
3177,Melbourne metropolitan,AU
3178,Melbourne metropolitan,AU
3179,Melbourne metropolitan,AU
3180,Melbourne metropolitan,AU
3181,Melbourne metropolitan,AU
3182,Melbourne metropolitan,AU
3183,Melbourne metropolitan,AU
3184,Melbourne metropolitan,AU
3185,Melbourne metropolitan,AU
3186,Melbourne metropolitan,AU
3187,Melbourne metropolitan,AU
3188,Melbourne metropolitan,AU
3189,Melbourne metropolitan,AU
3190,Melbourne metropolitan,AU
3191,Melbourne metropolitan,AU
3192,Melbourne metropolitan,AU
3193,Melbourne metropolitan,AU
3194,Melbourne metropolitan,AU
3195,Melbourne metropolitan,AU
3196,Melbourne metropolitan,AU
3197,Melbourne metropolitan,AU
3198,Melbourne metropolitan,AU
3199,Melbourne metropolitan,AU
3200,Melbourne metropolitan,AU
3201,Melbourne metropolitan,AU
3202,Melbourne metropolitan,AU
3203,Melbourne metropolitan,AU
3204,Melbourne metropolitan,AU
3205,Melbourne metropolitan,AU
3206,Melbourne metropolitan,AU
3207,Melbourne metropolitan,AU
3335,Melbourne metropolitan,AU
3336,Melbourne metropolitan,AU
3337,Melbourne metropolitan,AU
3338,Melbourne metropolitan,AU
3339,Melbourne metropolitan,AU
3340,Melbourne metropolitan,AU
3341,Melbourne metropolitan,AU
3427,Melbourne metropolitan,AU
3428,Melbourne metropolitan,AU
3429,Melbourne metropolitan,AU
3430,Melbourne metropolitan,AU
3431,Melbourne metropolitan,AU
3432,Melbourne metropolitan,AU
3433,Melbourne metropolitan,AU
3434,Melbourne metropolitan,AU
3435,Melbourne metropolitan,AU
3436,Melbourne metropolitan,AU
3437,Gisborne,AU
3440,Macedon,AU
3441,Macedon,AU
3750,Melbourne metropolitan,AU
3751,Melbourne metropolitan,AU
3752,Melbourne metropolitan,AU
3753,Melbourne metropolitan,AU
3754,Melbourne metropolitan,AU
3755,Melbourne metropolitan,AU
3756,Melbourne metropolitan,AU
3757,Melbourne metropolitan,AU
3758,Melbourne metropolitan,AU
3759,Melbourne metropolitan,AU
3760,Melbourne metropolitan,AU
3761,Melbourne metropolitan,AU
3762,Melbourne metropolitan,AU
3763,Melbourne metropolitan,AU
3764,Melbourne metropolitan,AU
3765,Melbourne metropolitan,AU
3766,Melbourne metropolitan,AU
3767,Melbourne metropolitan,AU
3768,Melbourne metropolitan,AU
3769,Melbourne metropolitan,AU
3770,Melbourne metropolitan,AU
3771,Melbourne metropolitan,AU
3772,Melbourne metropolitan,AU
3773,Melbourne metropolitan,AU
3774,Melbourne metropolitan,AU
3775,Melbourne metropolitan,AU
3777,Healesville,AU
3629,Shepparton,AU
3630,Shepparton,AU
3631,Shepparton,AU
3632,Shepparton,AU
3633,Shepparton,AU
3634,Shepparton,AU
3635,Shepparton,AU
3636,Shepparton,AU
3637,Shepparton,AU
3638,Shepparton,AU
3639,Shepparton,AU
3350,Ballarat,AU
3351,Ballarat,AU
3352,Ballarat,AU
3353,Ballarat,AU
3354,Ballarat,AU
3355,Ballarat,AU
3356,Ballarat,AU
3357,Ballarat,AU
4000,Brisbane Mount Crosby,AU
4001,Brisbane Mount Crosby,AU
4002,Brisbane Mount Crosby,AU
4003,Brisbane Mount Crosby,AU
4004,Brisbane Mount Crosby,AU
4005,Brisbane Mount Crosby,AU
4006,Brisbane Mount Crosby,AU
4007,Brisbane Mount Crosby,AU
4008,Brisbane Mount Crosby,AU
4009,Brisbane Mount Crosby,AU
4010,Brisbane Mount Crosby,AU
4011,Brisbane Mount Crosby,AU
4012,Brisbane Mount Crosby,AU
4013,Brisbane Mount Crosby,AU
4014,Brisbane Mount Crosby,AU
4015,Brisbane Mount Crosby,AU
4016,Brisbane Mount Crosby,AU
4017,Brisbane Mount Crosby,AU
4018,Brisbane Mount Crosby,AU
4019,Brisbane Mount Crosby,AU
4020,Brisbane Mount Crosby,AU
4021,Brisbane Mount Crosby,AU
4022,Brisbane Mount Crosby,AU
4023,Brisbane Mount Crosby,AU
4024,Brisbane Mount Crosby,AU
4025,Brisbane Mount Crosby,AU
4026,Brisbane Mount Crosby,AU
4027,Brisbane Mount Crosby,AU
4028,Brisbane Mount Crosby,AU
4029,Brisbane Mount Crosby,AU
4030,Brisbane Mount Crosby,AU
4031,Brisbane Mount Crosby,AU
4032,Brisbane Mount Crosby,AU
4033,Brisbane Mount Crosby,AU
4034,Brisbane Mount Crosby,AU
4035,Brisbane Mount Crosby,AU
4036,Brisbane Mount Crosby,AU
4037,Brisbane Mount Crosby,AU
4038,Brisbane Mount Crosby,AU
4039,Brisbane Mount Crosby,AU
4040,Brisbane Mount Crosby,AU
4041,Brisbane Mount Crosby,AU
4042,Brisbane Mount Crosby,AU
4043,Brisbane Mount Crosby,AU
4044,Brisbane Mount Crosby,AU
4045,Brisbane Mount Crosby,AU
4046,Brisbane Mount Crosby,AU
4047,Brisbane Mount Crosby,AU
4048,Brisbane Mount Crosby,AU
4049,Brisbane Mount Crosby,AU
4050,Brisbane Mount Crosby,AU
4051,Brisbane Mount Crosby,AU
4052,Brisbane Mount Crosby,AU
4053,Brisbane Mount Crosby,AU
4054,Brisbane Mount Crosby,AU
4055,Brisbane Mount Crosby,AU
4056,Brisbane Mount Crosby,AU
4057,Brisbane Mount Crosby,AU
4058,Brisbane Mount Crosby,AU
4059,Brisbane Mount Crosby,AU
4060,Brisbane Mount Crosby,AU
4061,Brisbane Mount Crosby,AU
4062,Brisbane Mount Crosby,AU
4063,Brisbane Mount Crosby,AU
4064,Brisbane Mount Crosby,AU
4065,Brisbane Mount Crosby,AU
4066,Brisbane Mount Crosby,AU
4067,Brisbane Mount Crosby,AU
4068,Brisbane Mount Crosby,AU
4069,Brisbane Mount Crosby,AU
4070,Brisbane Mount Crosby,AU
4071,Brisbane Mount Crosby,AU
4072,Brisbane Mount Crosby,AU
4073,Brisbane Mount Crosby,AU
4074,Brisbane Mount Crosby,AU
4075,Brisbane Mount Crosby,AU
4076,Brisbane Mount Crosby,AU
4077,Brisbane Mount Crosby,AU
4078,Brisbane Mount Crosby,AU
4079,Brisbane Mount Crosby,AU
4080,Brisbane Mount Crosby,AU
4081,Brisbane Mount Crosby,AU
4082,Brisbane Mount Crosby,AU
4083,Brisbane Mount Crosby,AU
4084,Brisbane Mount Crosby,AU
4085,Brisbane Mount Crosby,AU
4086,Brisbane Mount Crosby,AU
4087,Brisbane Mount Crosby,AU
4088,Brisbane Mount Crosby,AU
4089,Brisbane Mount Crosby,AU
4090,Brisbane Mount Crosby,AU
4091,Brisbane Mount Crosby,AU
4092,Brisbane Mount Crosby,AU
4093,Brisbane Mount Crosby,AU
4094,Brisbane Mount Crosby,AU
4095,Brisbane Mount Crosby,AU
4096,Brisbane Mount Crosby,AU
4097,Brisbane Mount Crosby,AU
4098,Brisbane Mount Crosby,AU
4099,Brisbane Mount Crosby,AU
4100,Brisbane Mount Crosby,AU
4101,Brisbane Mount Crosby,AU
4102,Brisbane Mount Crosby,AU
4103,Brisbane Mount Crosby,AU
4104,Brisbane Mount Crosby,AU
4105,Brisbane Mount Crosby,AU
4106,Brisbane Mount Crosby,AU
4107,Brisbane Mount Crosby,AU
4108,Brisbane Mount Crosby,AU
4109,Brisbane Mount Crosby,AU
4110,Brisbane Mount Crosby,AU
4111,Brisbane Mount Crosby,AU
4112,Brisbane Mount Crosby,AU
4113,Brisbane Mount Crosby,AU
4114,Logan,AU
4115,Logan,AU
4116,Logan,AU
4117,Logan,AU
4118,Logan,AU
4119,Logan,AU
4120,Logan,AU
4121,Logan,AU
4122,Logan,AU
4123,Logan,AU
4124,Logan,AU
4125,Logan,AU
4126,Logan,AU
4127,Logan,AU
4128,Logan,AU
4129,Logan,AU
4130,Logan,AU
4131,Logan,AU
4132,Logan,AU
4133,Logan,AU
4134,Brisbane Mount Crosby,AU
4135,Brisbane Mount Crosby,AU
4136,Brisbane Mount Crosby,AU
4137,Brisbane Mount Crosby,AU
4138,Brisbane Mount Crosby,AU
4139,Brisbane Mount Crosby,AU
4140,Brisbane Mount Crosby,AU
4141,Brisbane Mount Crosby,AU
4142,Brisbane Mount Crosby,AU
4143,Brisbane Mount Crosby,AU
4144,Brisbane Mount Crosby,AU
4145,Brisbane Mount Crosby,AU
4146,Brisbane Mount Crosby,AU
4147,Brisbane Mount Crosby,AU
4148,Brisbane Mount Crosby,AU
4149,Brisbane Mount Crosby,AU
4150,Brisbane Mount Crosby,AU
4151,Brisbane Mount Crosby,AU
4152,Brisbane Mount Crosby,AU
4153,Brisbane Mount Crosby,AU
4154,Brisbane Mount Crosby,AU
4155,Brisbane Mount Crosby,AU
4156,Brisbane Mount Crosby,AU
4157,Redland,AU
4158,Redland,AU
4159,Redland,AU
4160,Redland,AU
4161,Redland,AU
4162,Redland,AU
4163,Redland,AU
4164,Redland,AU
4165,Redland,AU
4166,Brisbane Mount Crosby,AU
4167,Brisbane Mount Crosby,AU
4168,Brisbane Mount Crosby,AU
4169,Brisbane Mount Crosby,AU
4170,Brisbane Mount Crosby,AU
4171,Brisbane Mount Crosby,AU
4172,Brisbane Mount Crosby,AU
4173,Brisbane Mount Crosby,AU
4174,Brisbane Mount Crosby,AU
4175,Brisbane Mount Crosby,AU
4176,Brisbane Mount Crosby,AU
4177,Brisbane Mount Crosby,AU
4178,Brisbane Mount Crosby,AU
4179,Brisbane Mount Crosby,AU
4205,Gold Coast,AU
4206,Gold Coast,AU
4207,Gold Coast,AU
4208,Gold Coast,AU
4209,Gold Coast,AU
4210,Gold Coast,AU
4211,Gold Coast,AU
4212,Gold Coast,AU
4213,Gold Coast,AU
4214,Gold Coast,AU
4215,Gold Coast,AU
4216,Gold Coast,AU
4217,Gold Coast,AU
4218,Gold Coast,AU
4219,Gold Coast,AU
4220,Gold Coast,AU
4221,Gold Coast,AU
4222,Gold Coast,AU
4223,Gold Coast,AU
4224,Gold Coast,AU
4225,Gold Coast,AU
4226,Gold Coast,AU
4227,Gold Coast,AU
4228,Gold Coast,AU
4229,Gold Coast,AU
4230,Gold Coast,AU
4300,Brisbane Mount Crosby,AU
4301,Brisbane Mount Crosby,AU
4302,Brisbane Mount Crosby,AU
4303,Brisbane Mount Crosby,AU
4304,Brisbane Mount Crosby,AU
4305,Brisbane Mount Crosby,AU
4500,Moreton North Pine,AU
4501,Moreton North Pine,AU
4502,Moreton North Pine,AU
4503,Moreton North Pine,AU
4504,Moreton North Pine,AU
4505,Moreton North Pine,AU
4506,Moreton North Pine,AU
4507,Moreton North Pine,AU
4508,Moreton North Pine,AU
4509,Moreton North Pine,AU
4510,Moreton North Pine,AU
4511,Moreton North Pine,AU
4512,Moreton North Pine,AU
4513,Moreton North Pine,AU
4514,Moreton North Pine,AU
4515,Moreton North Pine,AU
4516,Moreton North Pine,AU
4517,Moreton North Pine,AU
4518,Moreton North Pine,AU
4519,Moreton North Pine,AU
4520,Moreton North Pine,AU
4521,Moreton North Pine,AU
4550,Moreton North Pine,AU
4551,Moreton North Pine,AU
4552,Moreton North Pine,AU
4553,Moreton North Pine,AU
4554,Moreton North Pine,AU
4555,Moreton North Pine,AU
4556,Moreton North Pine,AU
4557,Moreton North Pine,AU
4558,Moreton North Pine,AU
4559,Moreton North Pine,AU
4560,Moreton North Pine,AU
4561,Moreton North Pine,AU
4562,Moreton North Pine,AU
4563,Moreton North Pine,AU
4564,Moreton North Pine,AU
4565,Moreton North Pine,AU
4566,Moreton North Pine,AU
4567,Moreton North Pine,AU
4568,Moreton North Pine,AU
4569,Moreton North Pine,AU
4570,Moreton North Pine,AU
4571,Moreton North Pine,AU
4572,Moreton North Pine,AU
4573,Moreton North Pine,AU
4574,Moreton North Pine,AU
4575,Moreton North Pine,AU
6000,Perth integrated supply,AU
6001,Perth integrated supply,AU
6002,Perth integrated supply,AU
6003,Perth integrated supply,AU
6004,Perth integrated supply,AU
6005,Perth integrated supply,AU
6006,Perth integrated supply,AU
6007,Perth integrated supply,AU
6008,Perth integrated supply,AU
6009,Perth integrated supply,AU
6010,Perth integrated supply,AU
6011,Perth integrated supply,AU
6012,Perth integrated supply,AU
6013,Perth integrated supply,AU
6014,Perth integrated supply,AU
6015,Perth integrated supply,AU
6016,Perth integrated supply,AU
6017,Perth integrated supply,AU
6018,Perth integrated supply,AU
6019,Perth integrated supply,AU
6020,Perth integrated supply,AU
6021,Perth integrated supply,AU
6022,Perth integrated supply,AU
6023,Perth integrated supply,AU
6024,Perth integrated supply,AU
6025,Perth integrated supply,AU
6026,Perth integrated supply,AU
6027,Perth integrated supply,AU
6028,Perth integrated supply,AU
6029,Perth integrated supply,AU
6030,Perth northern groundwater,AU
6031,Perth northern groundwater,AU
6032,Perth northern groundwater,AU
6033,Perth northern groundwater,AU
6034,Perth northern groundwater,AU
6035,Perth northern groundwater,AU
6036,Perth northern groundwater,AU
6037,Perth northern groundwater,AU
6038,Perth northern groundwater,AU
6039,Neerabup,AU
6041,Yanchep,AU
6042,Yanchep,AU
6043,Two Rocks,AU
6044,Two Rocks,AU
6045,Perth northern groundwater,AU
6046,Perth northern groundwater,AU
6047,Perth northern groundwater,AU
6048,Perth northern groundwater,AU
6049,Perth northern groundwater,AU
6050,Perth northern groundwater,AU
6051,Perth northern groundwater,AU
6052,Perth northern groundwater,AU
6053,Perth northern groundwater,AU
6054,Perth northern groundwater,AU
6055,Perth northern groundwater,AU
6056,Perth northern groundwater,AU
6057,Perth northern groundwater,AU
6058,Perth northern groundwater,AU
6059,Perth northern groundwater,AU
6060,Perth northern groundwater,AU
6061,Perth northern groundwater,AU
6062,Perth northern groundwater,AU
6063,Perth northern groundwater,AU
6064,Perth northern groundwater,AU
6065,Perth northern groundwater,AU
6066,Perth northern groundwater,AU
6067,Perth northern groundwater,AU
6068,Perth northern groundwater,AU
6069,Perth northern groundwater,AU
6070,Perth integrated supply,AU
6071,Perth integrated supply,AU
6072,Perth integrated supply,AU
6073,Perth integrated supply,AU
6074,Perth integrated supply,AU
6075,Perth integrated supply,AU
6076,Perth integrated supply,AU
6077,Perth integrated supply,AU
6078,Perth integrated supply,AU
6079,Perth integrated supply,AU
6080,Perth integrated supply,AU
6081,Perth integrated supply,AU
6082,Perth integrated supply,AU
6083,Perth integrated supply,AU
6084,Perth integrated supply,AU
6085,Perth integrated supply,AU
6086,Perth integrated supply,AU
6087,Perth integrated supply,AU
6088,Perth integrated supply,AU
6089,Perth integrated supply,AU
6090,Perth integrated supply,AU
6091,Perth integrated supply,AU
6092,Perth integrated supply,AU
6093,Perth integrated supply,AU
6094,Perth integrated supply,AU
6095,Perth integrated supply,AU
6096,Perth integrated supply,AU
6097,Perth integrated supply,AU
6098,Perth integrated supply,AU
6099,Perth integrated supply,AU
6100,Perth integrated supply,AU
6101,Perth integrated supply,AU
6102,Perth integrated supply,AU
6103,Perth integrated supply,AU
6104,Perth integrated supply,AU
6105,Perth integrated supply,AU
6106,Perth integrated supply,AU
6107,Perth integrated supply,AU
6108,Perth integrated supply,AU
6109,Perth integrated supply,AU
6110,Perth integrated supply,AU
6111,Perth integrated supply,AU
6112,Perth integrated supply,AU
6113,Perth integrated supply,AU
6114,Perth integrated supply,AU
6115,Perth integrated supply,AU
6116,Perth integrated supply,AU
6117,Perth integrated supply,AU
6118,Perth integrated supply,AU
6119,Perth integrated supply,AU
6120,Perth integrated supply,AU
6121,Perth integrated supply,AU
6122,Perth integrated supply,AU
6123,Perth integrated supply,AU
6124,Perth integrated supply,AU
6125,Perth integrated supply,AU
6126,Perth integrated supply,AU
6127,Perth integrated supply,AU
6128,Perth integrated supply,AU
6129,Perth integrated supply,AU
6130,Perth integrated supply,AU
6131,Perth integrated supply,AU
6132,Perth integrated supply,AU
6133,Perth integrated supply,AU
6134,Perth integrated supply,AU
6135,Perth integrated supply,AU
6136,Perth integrated supply,AU
6137,Perth integrated supply,AU
6138,Perth integrated supply,AU
6139,Perth integrated supply,AU
6140,Perth integrated supply,AU
6141,Perth integrated supply,AU
6142,Perth integrated supply,AU
6143,Perth integrated supply,AU
6144,Perth integrated supply,AU
6145,Perth integrated supply,AU
6146,Perth integrated supply,AU
6147,Perth integrated supply,AU
6148,Perth integrated supply,AU
6149,Perth integrated supply,AU
6150,Perth integrated supply,AU
6151,Perth integrated supply,AU
6152,Perth integrated supply,AU
6153,Perth integrated supply,AU
6154,Perth integrated supply,AU
6155,Perth integrated supply,AU
6156,Perth integrated supply,AU
6157,Perth integrated supply,AU
6158,Perth integrated supply,AU
6159,Perth integrated supply,AU
6160,Perth integrated supply,AU
6161,Perth integrated supply,AU
6162,Perth integrated supply,AU
6163,Perth integrated supply,AU
6164,Perth integrated supply,AU
6165,Perth integrated supply,AU
6166,Perth integrated supply,AU
6167,Perth integrated supply,AU
6168,Perth integrated supply,AU
6169,Perth integrated supply,AU
6170,Perth integrated supply,AU
6171,Perth integrated supply,AU
6172,Perth integrated supply,AU
6173,Perth integrated supply,AU
6174,Perth integrated supply,AU
6175,Perth integrated supply,AU
6176,Perth integrated supply,AU
6177,Perth integrated supply,AU
6178,Perth integrated supply,AU
6179,Perth integrated supply,AU
6180,Perth integrated supply,AU
6181,Perth integrated supply,AU
6182,Perth integrated supply,AU
6183,Perth integrated supply,AU
6184,Perth integrated supply,AU
6185,Perth integrated supply,AU
6186,Perth integrated supply,AU
6187,Perth integrated supply,AU
6188,Perth integrated supply,AU
6189,Perth integrated supply,AU
6190,Perth integrated supply,AU
6191,Perth integrated supply,AU
6192,Perth integrated supply,AU
6193,Perth integrated supply,AU
6194,Perth integrated supply,AU
6195,Perth integrated supply,AU
6196,Perth integrated supply,AU
6197,Perth integrated supply,AU
6198,Perth integrated supply,AU
6199,Perth integrated supply,AU
6200,Perth integrated supply,AU
6201,Perth integrated supply,AU
6202,Perth integrated supply,AU
6203,Perth integrated supply,AU
6204,Perth integrated supply,AU
6205,Perth integrated supply,AU
6206,Perth integrated supply,AU
6207,Perth integrated supply,AU
6208,Perth integrated supply,AU
6209,Perth integrated supply,AU
6210,Perth integrated supply,AU
6330,Albany,AU
6331,Albany,AU
6332,Albany,AU
6333,Albany,AU
6450,Esperance,AU
6451,Esperance,AU
6452,Esperance,AU
5000,Adelaide metropolitan,AU
5001,Adelaide metropolitan,AU
5002,Adelaide metropolitan,AU
5003,Adelaide metropolitan,AU
5004,Adelaide metropolitan,AU
5005,Adelaide metropolitan,AU
5006,Adelaide metropolitan,AU
5007,Adelaide metropolitan,AU
5008,Adelaide metropolitan,AU
5009,Adelaide metropolitan,AU
5010,Adelaide metropolitan,AU
5011,Adelaide metropolitan,AU
5012,Adelaide metropolitan,AU
5013,Adelaide metropolitan,AU
5014,Adelaide metropolitan,AU
5015,Adelaide metropolitan,AU
5016,Adelaide metropolitan,AU
5017,Adelaide metropolitan,AU
5018,Adelaide metropolitan,AU
5019,Adelaide metropolitan,AU
5020,Adelaide metropolitan,AU
5021,Adelaide metropolitan,AU
5022,Adelaide metropolitan,AU
5023,Adelaide metropolitan,AU
5024,Adelaide metropolitan,AU
5025,Adelaide metropolitan,AU
5026,Adelaide metropolitan,AU
5027,Adelaide metropolitan,AU
5028,Adelaide metropolitan,AU
5029,Adelaide metropolitan,AU
5030,Adelaide metropolitan,AU
5031,Adelaide metropolitan,AU
5032,Adelaide metropolitan,AU
5033,Adelaide metropolitan,AU
5034,Adelaide metropolitan,AU
5035,Adelaide metropolitan,AU
5036,Adelaide metropolitan,AU
5037,Adelaide metropolitan,AU
5038,Adelaide metropolitan,AU
5039,Adelaide metropolitan,AU
5040,Adelaide metropolitan,AU
5041,Adelaide metropolitan,AU
5042,Adelaide metropolitan,AU
5043,Adelaide metropolitan,AU
5044,Adelaide metropolitan,AU
5045,Adelaide metropolitan,AU
5046,Adelaide metropolitan,AU
5047,Adelaide metropolitan,AU
5048,Adelaide metropolitan,AU
5049,Adelaide metropolitan,AU
5050,Adelaide metropolitan,AU
5051,Adelaide metropolitan,AU
5052,Adelaide metropolitan,AU
5053,Adelaide metropolitan,AU
5054,Adelaide metropolitan,AU
5055,Adelaide metropolitan,AU
5056,Adelaide metropolitan,AU
5057,Adelaide metropolitan,AU
5058,Adelaide metropolitan,AU
5059,Adelaide metropolitan,AU
5060,Adelaide metropolitan,AU
5061,Adelaide metropolitan,AU
5062,Adelaide metropolitan,AU
5063,Adelaide metropolitan,AU
5064,Adelaide metropolitan,AU
5065,Adelaide metropolitan,AU
5066,Adelaide metropolitan,AU
5067,Adelaide metropolitan,AU
5068,Adelaide metropolitan,AU
5069,Adelaide metropolitan,AU
5070,Adelaide metropolitan,AU
5071,Adelaide metropolitan,AU
5072,Adelaide metropolitan,AU
5073,Adelaide metropolitan,AU
5074,Adelaide metropolitan,AU
5075,Adelaide metropolitan,AU
5076,Adelaide metropolitan,AU
5077,Adelaide metropolitan,AU
5078,Adelaide metropolitan,AU
5079,Adelaide metropolitan,AU
5080,Adelaide metropolitan,AU
5081,Adelaide metropolitan,AU
5082,Adelaide metropolitan,AU
5083,Adelaide metropolitan,AU
5084,Adelaide metropolitan,AU
5085,Adelaide metropolitan,AU
5086,Adelaide northern,AU
5087,Adelaide northern,AU
5088,Adelaide northern,AU
5089,Adelaide northern,AU
5090,Adelaide northern,AU
5091,Adelaide northern,AU
5092,Adelaide northern,AU
5093,Adelaide northern,AU
5094,Adelaide northern,AU
5095,Adelaide northern,AU
5096,Adelaide northern,AU
5097,Adelaide northern,AU
5098,Adelaide northern,AU
5099,Adelaide northern,AU
5100,Adelaide northern,AU
5101,Adelaide northern,AU
5102,Adelaide northern,AU
5103,Adelaide northern,AU
5104,Adelaide northern,AU
5105,Adelaide northern,AU
5106,Adelaide northern,AU
5107,Adelaide northern,AU
5108,Adelaide northern,AU
5109,Adelaide northern,AU
5110,Adelaide northern,AU
5111,Adelaide northern,AU
5112,Adelaide northern,AU
5113,Adelaide northern,AU
5114,Adelaide northern,AU
5115,Adelaide northern,AU
5116,Adelaide northern,AU
5117,Adelaide northern,AU
5118,Adelaide northern,AU
5119,Adelaide northern,AU
5120,Adelaide northern,AU
5121,Adelaide northern,AU
5122,Adelaide northern,AU
5123,Adelaide northern,AU
5124,Adelaide northern,AU
5125,Adelaide northern,AU
5126,Adelaide northern,AU
5127,Adelaide northern,AU
5128,Adelaide metropolitan,AU
5129,Adelaide metropolitan,AU
5130,Adelaide metropolitan,AU
5131,Adelaide metropolitan,AU
5132,Adelaide metropolitan,AU
5133,Adelaide metropolitan,AU
5134,Adelaide metropolitan,AU
5135,Adelaide metropolitan,AU
5136,Adelaide metropolitan,AU
5137,Adelaide metropolitan,AU
5138,Adelaide metropolitan,AU
5139,Adelaide metropolitan,AU
5140,Adelaide metropolitan,AU
5141,Adelaide metropolitan,AU
5142,Adelaide metropolitan,AU
5143,Adelaide metropolitan,AU
5144,Adelaide metropolitan,AU
5145,Adelaide metropolitan,AU
5146,Adelaide metropolitan,AU
5147,Adelaide metropolitan,AU
5148,Adelaide metropolitan,AU
5149,Adelaide metropolitan,AU
5150,Adelaide metropolitan,AU
5151,Adelaide metropolitan,AU
5152,Adelaide metropolitan,AU
5153,Adelaide metropolitan,AU
5154,Adelaide metropolitan,AU
5155,Adelaide metropolitan,AU
5156,Adelaide metropolitan,AU
5157,Adelaide metropolitan,AU
5158,Adelaide metropolitan,AU
5159,Adelaide metropolitan,AU
5160,Adelaide metropolitan,AU
5161,Adelaide metropolitan,AU
5162,Adelaide metropolitan,AU
5163,Adelaide metropolitan,AU
5164,Adelaide metropolitan,AU
5165,Adelaide metropolitan,AU
5166,Adelaide metropolitan,AU
5167,Adelaide metropolitan,AU
5168,Adelaide metropolitan,AU
5169,Adelaide metropolitan,AU
5170,Adelaide metropolitan,AU
5171,Adelaide metropolitan,AU
5172,Adelaide metropolitan,AU
5173,Adelaide metropolitan,AU
5174,Adelaide metropolitan,AU
5290,Mount Gambier,AU
5291,Mount Gambier,AU
2600,Canberra,AU
2601,Canberra,AU
2602,Canberra,AU
2603,Canberra,AU
2604,Canberra,AU
2605,Canberra,AU
2606,Canberra,AU
2607,Canberra,AU
2608,Canberra,AU
2609,Canberra,AU
2610,Canberra,AU
2611,Canberra,AU
2612,Canberra,AU
2613,Canberra,AU
2614,Canberra,AU
2615,Canberra,AU
2616,Canberra,AU
2617,Canberra,AU
2618,Canberra,AU
2619,Canberra,AU
2620,Canberra,AU
2900,Canberra,AU
2901,Canberra,AU
2902,Canberra,AU
2903,Canberra,AU
2904,Canberra,AU
2905,Canberra,AU
2906,Canberra,AU
2907,Canberra,AU
2908,Canberra,AU
2909,Canberra,AU
2910,Canberra,AU
2911,Canberra,AU
2912,Canberra,AU
2913,Canberra,AU
2914,Canberra,AU
7000,Hobart,AU
7001,Hobart,AU
7002,Hobart,AU
7003,Hobart,AU
7004,Hobart,AU
7005,Hobart,AU
7006,Hobart,AU
7007,Hobart,AU
7008,Hobart,AU
7009,Hobart,AU
7010,Hobart,AU
7011,Hobart,AU
7012,Hobart,AU
7013,Hobart,AU
7014,Hobart,AU
7015,Hobart,AU
7016,Hobart,AU
7017,Hobart,AU
7018,Hobart,AU
7019,Hobart,AU
7020,Hobart,AU
7021,Hobart,AU
7022,Hobart,AU
7023,Hobart,AU
7024,Hobart,AU
7025,Hobart,AU
7026,Hobart,AU
7027,Hobart,AU
7028,Hobart,AU
7029,Hobart,AU
7030,Hobart,AU
7031,Hobart,AU
7032,Hobart,AU
7033,Hobart,AU
7034,Hobart,AU
7035,Hobart,AU
7036,Hobart,AU
7037,Hobart,AU
7038,Hobart,AU
7039,Hobart,AU
7040,Hobart,AU
7041,Hobart,AU
7042,Hobart,AU
7043,Hobart,AU
7044,Hobart,AU
7045,Hobart,AU
7046,Hobart,AU
7047,Hobart,AU
7048,Hobart,AU
7049,Hobart,AU
7050,Hobart,AU
7051,Hobart,AU
7052,Hobart,AU
7053,Hobart,AU
7054,Hobart,AU
7055,Hobart,AU
0800,Darwin,AU
0801,Darwin,AU
0802,Darwin,AU
0803,Darwin,AU
0804,Darwin,AU
0805,Darwin,AU
0806,Darwin,AU
0807,Darwin,AU
0808,Darwin,AU
0809,Darwin,AU
0810,Darwin,AU
0811,Darwin,AU
0812,Darwin,AU
0813,Darwin,AU
0814,Darwin,AU
0815,Darwin,AU
0816,Darwin,AU
0817,Darwin,AU
0818,Darwin,AU
0819,Darwin,AU
0820,Darwin,AU
0821,Darwin,AU
0822,Darwin,AU
0823,Darwin,AU
0824,Darwin,AU
0825,Darwin,AU
0826,Darwin,AU
0827,Darwin,AU
0828,Darwin,AU
0829,Darwin,AU
0830,Darwin,AU
0831,Darwin,AU
0832,Darwin,AU
